data|valor
10/02/2026|0,07
10/02/2026|0,07
09/02/2026|0,30
09/02/2026|0,30
02/02/2026|0,97
02/02/2026|1,12
02/02/2026|1,12
13/02/2026|1,65
13/02/2026|1,65
13/02/2026|1,65
10/02/2026|1,97
10/02/2026|1,97
10/02/2026|1,97
02/02/2026|2,00
02/02/2026|2,00
25/02/2026|2,25
25/02/2026|2,25
25/02/2026|2,25
18/02/2026|3,15
18/02/2026|3,15
20/02/2026|3,20
20/02/2026|3,20
04/02/2026|5,00
23/02/2026|5,00
04/02/2026|5,00
23/02/2026|5,00
05/02/2026|5,30
05/02/2026|5,30
27/02/2026|5,38
27/02/2026|5,38
09/02/2026|5,49
09/02/2026|5,49
11/02/2026|5,73
11/02/2026|5,73
11/02/2026|5,73
24/02/2026|5,94
24/02/2026|5,94
24/02/2026|5,94
09/02/2026|6,00
09/02/2026|6,00
19/02/2026|6,50
19/02/2026|6,50
02/02/2026|7,00
06/02/2026|7,00
02/02/2026|7,00
06/02/2026|7,00
04/02/2026|7,02
04/02/2026|7,02
04/02/2026|7,02
19/02/2026|7,12
19/02/2026|7,12
19/02/2026|7,12
03/02/2026|7,17
03/02/2026|7,17
03/02/2026|7,17
12/02/2026|7,42
12/02/2026|7,42
12/02/2026|7,42
04/02/2026|7,50
04/02/2026|7,50
27/02/2026|7,62
27/02/2026|7,62
27/02/2026|7,62
26/02/2026|8,00
26/02/2026|8,00
04/02/2026|8,32
04/02/2026|8,32
02/02/2026|9,30
02/02/2026|9,30
02/02/2026|9,30
02/02/2026|9,30
02/02/2026|9,30
03/02/2026|9,30
03/02/2026|9,30
03/02/2026|9,30
03/02/2026|9,30
03/02/2026|9,30
06/02/2026|9,30
06/02/2026|9,30
09/02/2026|9,30
09/02/2026|9,30
09/02/2026|9,30
10/02/2026|9,30
10/02/2026|9,30
12/02/2026|9,30
13/02/2026|9,30
13/02/2026|9,30
18/02/2026|9,30
18/02/2026|9,30
18/02/2026|9,30
19/02/2026|9,30
19/02/2026|9,30
19/02/2026|9,30
20/02/2026|9,30
23/02/2026|9,30
23/02/2026|9,30
23/02/2026|9,30
24/02/2026|9,30
25/02/2026|9,30
26/02/2026|9,30
26/02/2026|9,30
27/02/2026|9,30
27/02/2026|9,30
27/02/2026|9,30
02/02/2026|9,30
02/02/2026|9,30
02/02/2026|9,30
02/02/2026|9,30
02/02/2026|9,30
03/02/2026|9,30
03/02/2026|9,30
03/02/2026|9,30
03/02/2026|9,30
03/02/2026|9,30
06/02/2026|9,30
06/02/2026|9,30
09/02/2026|9,30
09/02/2026|9,30
09/02/2026|9,30
10/02/2026|9,30
10/02/2026|9,30
12/02/2026|9,30
13/02/2026|9,30
13/02/2026|9,30
18/02/2026|9,30
18/02/2026|9,30
18/02/2026|9,30
19/02/2026|9,30
19/02/2026|9,30
19/02/2026|9,30
20/02/2026|9,30
23/02/2026|9,30
23/02/2026|9,30
23/02/2026|9,30
24/02/2026|9,30
25/02/2026|9,30
26/02/2026|9,30
26/02/2026|9,30
27/02/2026|9,30
27/02/2026|9,30
27/02/2026|9,30
05/02/2026|9,70
05/02/2026|9,70
05/02/2026|9,70
03/02/2026|10,00
05/02/2026|10,00
09/02/2026|10,00
11/02/2026|10,00
11/02/2026|10,00
13/02/2026|10,00
18/02/2026|10,00
18/02/2026|10,00
18/02/2026|10,00
18/02/2026|10,00
18/02/2026|10,00
18/02/2026|10,00
23/02/2026|10,00
25/02/2026|10,00
27/02/2026|10,00
27/02/2026|10,00
03/02/2026|10,00
05/02/2026|10,00
09/02/2026|10,00
11/02/2026|10,00
11/02/2026|10,00
13/02/2026|10,00
18/02/2026|10,00
18/02/2026|10,00
18/02/2026|10,00
18/02/2026|10,00
18/02/2026|10,00
18/02/2026|10,00
23/02/2026|10,00
25/02/2026|10,00
27/02/2026|10,00
27/02/2026|10,00
03/02/2026|10,12
06/02/2026|10,12
03/02/2026|10,12
06/02/2026|10,12
18/02/2026|10,16
23/02/2026|10,16
18/02/2026|10,16
23/02/2026|10,16
25/02/2026|10,30
25/02/2026|10,30
12/02/2026|10,31
18/02/2026|10,31
12/02/2026|10,31
18/02/2026|10,31
04/02/2026|10,32
06/02/2026|10,32
09/02/2026|10,32
12/02/2026|10,32
18/02/2026|10,32
20/02/2026|10,32
04/02/2026|10,32
06/02/2026|10,32
09/02/2026|10,32
12/02/2026|10,32
18/02/2026|10,32
20/02/2026|10,32
05/02/2026|10,38
05/02/2026|10,38
20/02/2026|10,38
23/02/2026|10,38
26/02/2026|10,38
05/02/2026|10,38
05/02/2026|10,38
20/02/2026|10,38
23/02/2026|10,38
26/02/2026|10,38
23/02/2026|10,43
23/02/2026|10,43
05/02/2026|10,45
05/02/2026|10,45
02/02/2026|10,47
02/02/2026|10,47
04/02/2026|10,48
04/02/2026|10,48
18/02/2026|10,49
18/02/2026|10,49
10/02/2026|10,53
10/02/2026|10,53
09/02/2026|10,57
09/02/2026|10,57
20/02/2026|11,18
20/02/2026|11,18
20/02/2026|11,18
23/02/2026|11,61
23/02/2026|11,61
23/02/2026|11,61
18/02/2026|13,01
18/02/2026|13,01
02/02/2026|13,09
02/02/2026|13,09
13/02/2026|13,15
13/02/2026|13,15
18/02/2026|13,22
18/02/2026|13,22
02/02/2026|14,00
02/02/2026|14,00
24/02/2026|14,09
24/02/2026|14,09
09/02/2026|14,31
09/02/2026|14,31
02/02/2026|15,00
03/02/2026|15,00
13/02/2026|15,00
18/02/2026|15,00
18/02/2026|15,00
26/02/2026|15,00
27/02/2026|15,00
02/02/2026|15,00
03/02/2026|15,00
13/02/2026|15,00
18/02/2026|15,00
18/02/2026|15,00
26/02/2026|15,00
27/02/2026|15,00
05/02/2026|15,09
05/02/2026|15,09
11/02/2026|15,26
11/02/2026|15,26
10/02/2026|15,38
23/02/2026|15,38
10/02/2026|15,38
23/02/2026|15,38
26/02/2026|15,48
26/02/2026|15,48
26/02/2026|15,48
18/02/2026|15,70
18/02/2026|15,70
13/02/2026|16,01
13/02/2026|16,01
09/02/2026|16,09
09/02/2026|16,09
04/02/2026|16,32
04/02/2026|16,32
06/02/2026|16,38
06/02/2026|16,38
06/02/2026|16,38
05/02/2026|16,56
05/02/2026|16,56
06/02/2026|16,58
06/02/2026|16,58
02/02/2026|20,00
02/02/2026|20,00
02/02/2026|20,00
02/02/2026|20,00
02/02/2026|20,00
02/02/2026|20,00
04/02/2026|20,00
06/02/2026|20,00
09/02/2026|20,00
09/02/2026|20,00
11/02/2026|20,00
12/02/2026|20,00
13/02/2026|20,00
13/02/2026|20,00
18/02/2026|20,00
18/02/2026|20,00
18/02/2026|20,00
18/02/2026|20,00
18/02/2026|20,00
18/02/2026|20,00
20/02/2026|20,00
20/02/2026|20,00
20/02/2026|20,00
23/02/2026|20,00
23/02/2026|20,00
23/02/2026|20,00
23/02/2026|20,00
23/02/2026|20,00
23/02/2026|20,00
23/02/2026|20,00
24/02/2026|20,00
25/02/2026|20,00
26/02/2026|20,00
26/02/2026|20,00
27/02/2026|20,00
02/02/2026|20,00
02/02/2026|20,00
02/02/2026|20,00
02/02/2026|20,00
02/02/2026|20,00
02/02/2026|20,00
04/02/2026|20,00
06/02/2026|20,00
07/02/2026|20,00
09/02/2026|20,00
11/02/2026|20,00
12/02/2026|20,00
13/02/2026|20,00
13/02/2026|20,00
18/02/2026|20,00
18/02/2026|20,00
18/02/2026|20,00
18/02/2026|20,00
18/02/2026|20,00
18/02/2026|20,00
20/02/2026|20,00
20/02/2026|20,00
20/02/2026|20,00
23/02/2026|20,00
23/02/2026|20,00
23/02/2026|20,00
23/02/2026|20,00
23/02/2026|20,00
23/02/2026|20,00
23/02/2026|20,00
24/02/2026|20,00
25/02/2026|20,00
26/02/2026|20,00
26/02/2026|20,00
27/02/2026|20,00
05/02/2026|20,01
20/02/2026|20,01
05/02/2026|20,01
20/02/2026|20,01
18/02/2026|20,02
18/02/2026|20,02
09/02/2026|20,04
09/02/2026|20,04
06/02/2026|20,05
09/02/2026|20,05
23/02/2026|20,05
06/02/2026|20,05
09/02/2026|20,05
23/02/2026|20,05
13/02/2026|20,06
27/02/2026|20,06
27/02/2026|20,06
13/02/2026|20,06
27/02/2026|20,06
27/02/2026|20,06
02/02/2026|20,08
02/02/2026|20,08
09/02/2026|20,08
09/02/2026|20,08
18/02/2026|20,08
23/02/2026|20,08
02/02/2026|20,08
02/02/2026|20,08
09/02/2026|20,08
09/02/2026|20,08
18/02/2026|20,08
23/02/2026|20,08
18/02/2026|20,09
18/02/2026|20,09
06/02/2026|20,12
27/02/2026|20,12
06/02/2026|20,12
27/02/2026|20,12
09/02/2026|20,15
09/02/2026|20,15
13/02/2026|20,19
13/02/2026|20,19
02/02/2026|20,22
02/02/2026|20,22
02/02/2026|20,22
02/02/2026|20,22
09/02/2026|20,25
09/02/2026|20,25
18/02/2026|20,26
18/02/2026|20,26
02/02/2026|20,30
09/02/2026|20,30
09/02/2026|20,30
11/02/2026|20,30
18/02/2026|20,30
18/02/2026|20,30
23/02/2026|20,30
25/02/2026|20,30
02/02/2026|20,30
09/02/2026|20,30
09/02/2026|20,30
11/02/2026|20,30
18/02/2026|20,30
18/02/2026|20,30
23/02/2026|20,30
25/02/2026|20,30
02/02/2026|20,31
09/02/2026|20,31
02/02/2026|20,31
09/02/2026|20,31
03/02/2026|20,32
10/02/2026|20,32
26/02/2026|20,32
03/02/2026|20,32
10/02/2026|20,32
26/02/2026|20,32
18/02/2026|20,33
18/02/2026|20,33
03/02/2026|20,36
18/02/2026|20,36
03/02/2026|20,36
18/02/2026|20,36
02/02/2026|20,38
04/02/2026|20,38
06/02/2026|20,38
09/02/2026|20,38
09/02/2026|20,38
13/02/2026|20,38
18/02/2026|20,38
18/02/2026|20,38
23/02/2026|20,38
02/02/2026|20,38
04/02/2026|20,38
06/02/2026|20,38
09/02/2026|20,38
09/02/2026|20,38
13/02/2026|20,38
18/02/2026|20,38
18/02/2026|20,38
23/02/2026|20,38
02/02/2026|20,48
02/02/2026|20,48
09/02/2026|20,49
18/02/2026|20,49
09/02/2026|20,49
18/02/2026|20,49
20/02/2026|20,58
20/02/2026|20,58
03/02/2026|20,64
03/02/2026|20,64
23/02/2026|21,00
23/02/2026|21,00
02/02/2026|22,00
02/02/2026|22,00
24/02/2026|22,32
24/02/2026|22,32
11/02/2026|22,66
11/02/2026|22,66
02/02/2026|23,59
02/02/2026|23,59
02/02/2026|23,59
03/02/2026|25,00
06/02/2026|25,00
09/02/2026|25,00
09/02/2026|25,00
27/02/2026|25,00
03/02/2026|25,00
06/02/2026|25,00
09/02/2026|25,00
09/02/2026|25,00
27/02/2026|25,00
02/02/2026|25,18
02/02/2026|25,18
24/02/2026|25,27
24/02/2026|25,27
03/02/2026|25,32
03/02/2026|25,32
02/02/2026|25,48
02/02/2026|25,48
02/02/2026|25,48
02/02/2026|25,48
20/02/2026|26,56
20/02/2026|26,56
18/02/2026|27,01
18/02/2026|27,01
13/02/2026|28,08
13/02/2026|28,08
18/02/2026|28,27
18/02/2026|28,27
18/02/2026|28,27
02/02/2026|29,00
23/02/2026|29,00
02/02/2026|29,00
23/02/2026|29,00
06/02/2026|29,94
06/02/2026|29,94
02/02/2026|30,00
02/02/2026|30,00
05/02/2026|30,00
06/02/2026|30,00
06/02/2026|30,00
06/02/2026|30,00
09/02/2026|30,00
09/02/2026|30,00
09/02/2026|30,00
09/02/2026|30,00
18/02/2026|30,00
18/02/2026|30,00
18/02/2026|30,00
20/02/2026|30,00
20/02/2026|30,00
23/02/2026|30,00
23/02/2026|30,00
24/02/2026|30,00
27/02/2026|30,00
02/02/2026|30,00
02/02/2026|30,00
05/02/2026|30,00
06/02/2026|30,00
06/02/2026|30,00
06/02/2026|30,00
09/02/2026|30,00
09/02/2026|30,00
09/02/2026|30,00
09/02/2026|30,00
18/02/2026|30,00
18/02/2026|30,00
18/02/2026|30,00
20/02/2026|30,00
20/02/2026|30,00
23/02/2026|30,00
23/02/2026|30,00
24/02/2026|30,00
27/02/2026|30,00
06/02/2026|30,01
06/02/2026|30,01
02/02/2026|30,02
02/02/2026|30,02
03/02/2026|30,02
04/02/2026|30,02
05/02/2026|30,02
06/02/2026|30,02
06/02/2026|30,02
09/02/2026|30,02
09/02/2026|30,02
09/02/2026|30,02
10/02/2026|30,02
11/02/2026|30,02
12/02/2026|30,02
13/02/2026|30,02
18/02/2026|30,02
18/02/2026|30,02
18/02/2026|30,02
18/02/2026|30,02
19/02/2026|30,02
20/02/2026|30,02
23/02/2026|30,02
23/02/2026|30,02
23/02/2026|30,02
23/02/2026|30,02
24/02/2026|30,02
25/02/2026|30,02
26/02/2026|30,02
27/02/2026|30,02
02/02/2026|30,02
02/02/2026|30,02
03/02/2026|30,02
04/02/2026|30,02
05/02/2026|30,02
06/02/2026|30,02
06/02/2026|30,02
09/02/2026|30,02
09/02/2026|30,02
09/02/2026|30,02
10/02/2026|30,02
11/02/2026|30,02
12/02/2026|30,02
13/02/2026|30,02
18/02/2026|30,02
18/02/2026|30,02
18/02/2026|30,02
18/02/2026|30,02
19/02/2026|30,02
20/02/2026|30,02
23/02/2026|30,02
23/02/2026|30,02
23/02/2026|30,02
23/02/2026|30,02
24/02/2026|30,02
25/02/2026|30,02
26/02/2026|30,02
27/02/2026|30,02
04/02/2026|30,06
18/02/2026|30,06
23/02/2026|30,06
04/02/2026|30,06
18/02/2026|30,06
23/02/2026|30,06
27/02/2026|30,17
27/02/2026|30,17
10/02/2026|30,18
10/02/2026|30,18
02/02/2026|30,19
02/02/2026|30,19
03/02/2026|30,22
09/02/2026|30,22
03/02/2026|30,22
09/02/2026|30,22
02/02/2026|30,23
02/02/2026|30,23
20/02/2026|30,30
25/02/2026|30,30
20/02/2026|30,30
25/02/2026|30,30
03/02/2026|30,32
18/02/2026|30,32
03/02/2026|30,32
18/02/2026|30,32
23/02/2026|30,33
23/02/2026|30,33
23/02/2026|30,34
23/02/2026|30,34
06/02/2026|30,36
11/02/2026|30,36
06/02/2026|30,36
11/02/2026|30,36
11/02/2026|30,38
11/02/2026|30,38
18/02/2026|30,43
18/02/2026|30,43
05/02/2026|30,45
11/02/2026|30,45
05/02/2026|30,45
11/02/2026|30,45
02/02/2026|30,48
06/02/2026|30,48
02/02/2026|30,48
06/02/2026|30,48
02/02/2026|30,53
04/02/2026|30,53
02/02/2026|30,53
04/02/2026|30,53
02/02/2026|30,55
02/02/2026|30,55
02/02/2026|30,58
02/02/2026|30,58
13/02/2026|30,64
13/02/2026|30,64
09/02/2026|31,49
09/02/2026|31,49
10/02/2026|33,00
10/02/2026|33,00
09/02/2026|34,60
09/02/2026|34,60
09/02/2026|34,60
09/02/2026|35,04
09/02/2026|35,04
03/02/2026|37,00
03/02/2026|37,00
02/02/2026|40,00
03/02/2026|40,00
03/02/2026|40,00
18/02/2026|40,00
19/02/2026|40,00
24/02/2026|40,00
27/02/2026|40,00
02/02/2026|40,00
03/02/2026|40,00
03/02/2026|40,00
16/02/2026|40,00
19/02/2026|40,00
24/02/2026|40,00
27/02/2026|40,00
18/02/2026|40,01
18/02/2026|40,01
02/02/2026|40,02
02/02/2026|40,02
11/02/2026|40,03
11/02/2026|40,03
04/02/2026|40,17
04/02/2026|40,17
27/02/2026|40,22
27/02/2026|40,22
06/02/2026|40,28
06/02/2026|40,28
06/02/2026|40,34
27/02/2026|40,34
06/02/2026|40,34
27/02/2026|40,34
06/02/2026|40,36
06/02/2026|40,36
18/02/2026|40,48
18/02/2026|40,48
25/02/2026|44,47
25/02/2026|44,47
02/02/2026|45,00
12/02/2026|45,00
27/02/2026|45,00
02/02/2026|45,00
12/02/2026|45,00
27/02/2026|45,00
25/02/2026|46,26
25/02/2026|46,26
02/02/2026|50,00
02/02/2026|50,00
02/02/2026|50,00
02/02/2026|50,00
02/02/2026|50,00
02/02/2026|50,00
02/02/2026|50,00
03/02/2026|50,00
04/02/2026|50,00
05/02/2026|50,00
05/02/2026|50,00
05/02/2026|50,00
05/02/2026|50,00
06/02/2026|50,00
06/02/2026|50,00
06/02/2026|50,00
06/02/2026|50,00
06/02/2026|50,00
06/02/2026|50,00
06/02/2026|50,00
06/02/2026|50,00
06/02/2026|50,00
06/02/2026|50,00
09/02/2026|50,00
09/02/2026|50,00
09/02/2026|50,00
09/02/2026|50,00
09/02/2026|50,00
09/02/2026|50,00
10/02/2026|50,00
11/02/2026|50,00
11/02/2026|50,00
11/02/2026|50,00
12/02/2026|50,00
13/02/2026|50,00
13/02/2026|50,00
13/02/2026|50,00
13/02/2026|50,00
13/02/2026|50,00
18/02/2026|50,00
18/02/2026|50,00
18/02/2026|50,00
18/02/2026|50,00
18/02/2026|50,00
18/02/2026|50,00
19/02/2026|50,00
20/02/2026|50,00
20/02/2026|50,00
23/02/2026|50,00
23/02/2026|50,00
23/02/2026|50,00
23/02/2026|50,00
23/02/2026|50,00
23/02/2026|50,00
23/02/2026|50,00
23/02/2026|50,00
24/02/2026|50,00
25/02/2026|50,00
25/02/2026|50,00
26/02/2026|50,00
27/02/2026|50,00
27/02/2026|50,00
02/02/2026|50,00
02/02/2026|50,00
02/02/2026|50,00
02/02/2026|50,00
02/02/2026|50,00
02/02/2026|50,00
02/02/2026|50,00
03/02/2026|50,00
04/02/2026|50,00
05/02/2026|50,00
05/02/2026|50,00
05/02/2026|50,00
05/02/2026|50,00
06/02/2026|50,00
06/02/2026|50,00
06/02/2026|50,00
06/02/2026|50,00
06/02/2026|50,00
06/02/2026|50,00
06/02/2026|50,00
06/02/2026|50,00
06/02/2026|50,00
06/02/2026|50,00
09/02/2026|50,00
09/02/2026|50,00
09/02/2026|50,00
09/02/2026|50,00
09/02/2026|50,00
09/02/2026|50,00
10/02/2026|50,00
11/02/2026|50,00
11/02/2026|50,00
11/02/2026|50,00
12/02/2026|50,00
13/02/2026|50,00
13/02/2026|50,00
13/02/2026|50,00
13/02/2026|50,00
13/02/2026|50,00
18/02/2026|50,00
18/02/2026|50,00
18/02/2026|50,00
18/02/2026|50,00
18/02/2026|50,00
18/02/2026|50,00
19/02/2026|50,00
20/02/2026|50,00
20/02/2026|50,00
23/02/2026|50,00
23/02/2026|50,00
23/02/2026|50,00
23/02/2026|50,00
23/02/2026|50,00
23/02/2026|50,00
23/02/2026|50,00
23/02/2026|50,00
24/02/2026|50,00
25/02/2026|50,00
25/02/2026|50,00
26/02/2026|50,00
27/02/2026|50,00
27/02/2026|50,00
06/02/2026|50,01
10/02/2026|50,01
13/02/2026|50,01
13/02/2026|50,01
18/02/2026|50,01
06/02/2026|50,01
10/02/2026|50,01
13/02/2026|50,01
13/02/2026|50,01
18/02/2026|50,01
03/02/2026|50,02
03/02/2026|50,02
04/02/2026|50,02
09/02/2026|50,02
09/02/2026|50,02
09/02/2026|50,02
11/02/2026|50,02
19/02/2026|50,02
26/02/2026|50,02
27/02/2026|50,02
03/02/2026|50,02
03/02/2026|50,02
04/02/2026|50,02
09/02/2026|50,02
09/02/2026|50,02
09/02/2026|50,02
11/02/2026|50,02
19/02/2026|50,02
26/02/2026|50,02
27/02/2026|50,02
04/02/2026|50,04
04/02/2026|50,04
02/02/2026|50,05
10/02/2026|50,05
02/02/2026|50,05
10/02/2026|50,05
09/02/2026|50,06
23/02/2026|50,06
09/02/2026|50,06
23/02/2026|50,06
06/02/2026|50,07
11/02/2026|50,07
27/02/2026|50,07
06/02/2026|50,07
11/02/2026|50,07
27/02/2026|50,07
02/02/2026|50,08
02/02/2026|50,08
05/02/2026|50,08
05/02/2026|50,08
09/02/2026|50,08
18/02/2026|50,08
23/02/2026|50,08
27/02/2026|50,08
27/02/2026|50,08
02/02/2026|50,08
02/02/2026|50,08
05/02/2026|50,08
05/02/2026|50,08
09/02/2026|50,08
18/02/2026|50,08
23/02/2026|50,08
27/02/2026|50,08
27/02/2026|50,08
02/02/2026|50,12
04/02/2026|50,12
04/02/2026|50,12
23/02/2026|50,12
27/02/2026|50,12
27/02/2026|50,12
02/02/2026|50,12
04/02/2026|50,12
04/02/2026|50,12
23/02/2026|50,12
27/02/2026|50,12
27/02/2026|50,12
06/02/2026|50,14
25/02/2026|50,14
06/02/2026|50,14
25/02/2026|50,14
10/02/2026|50,15
13/02/2026|50,15
23/02/2026|50,15
27/02/2026|50,15
10/02/2026|50,15
13/02/2026|50,15
23/02/2026|50,15
27/02/2026|50,15
27/02/2026|50,16
27/02/2026|50,16
06/02/2026|50,17
18/02/2026|50,17
06/02/2026|50,17
18/02/2026|50,17
06/02/2026|50,18
09/02/2026|50,18
09/02/2026|50,18
06/02/2026|50,18
09/02/2026|50,18
09/02/2026|50,18
26/02/2026|50,21
26/02/2026|50,21
02/02/2026|50,22
10/02/2026|50,22
18/02/2026|50,22
20/02/2026|50,22
25/02/2026|50,22
02/02/2026|50,22
10/02/2026|50,22
18/02/2026|50,22
20/02/2026|50,22
25/02/2026|50,22
04/02/2026|50,23
06/02/2026|50,23
09/02/2026|50,23
09/02/2026|50,23
04/02/2026|50,23
06/02/2026|50,23
09/02/2026|50,23
09/02/2026|50,23
06/02/2026|50,24
06/02/2026|50,24
09/02/2026|50,25
11/02/2026|50,25
23/02/2026|50,25
09/02/2026|50,25
11/02/2026|50,25
23/02/2026|50,25
05/02/2026|50,27
06/02/2026|50,27
05/02/2026|50,27
06/02/2026|50,27
02/02/2026|50,28
04/02/2026|50,28
06/02/2026|50,28
19/02/2026|50,28
23/02/2026|50,28
26/02/2026|50,28
02/02/2026|50,28
04/02/2026|50,28
06/02/2026|50,28
19/02/2026|50,28
23/02/2026|50,28
26/02/2026|50,28
02/02/2026|50,30
04/02/2026|50,30
04/02/2026|50,30
05/02/2026|50,30
11/02/2026|50,30
23/02/2026|50,30
27/02/2026|50,30
02/02/2026|50,30
04/02/2026|50,30
04/02/2026|50,30
05/02/2026|50,30
11/02/2026|50,30
23/02/2026|50,30
27/02/2026|50,30
11/02/2026|50,31
11/02/2026|50,31
03/02/2026|50,32
04/02/2026|50,32
05/02/2026|50,32
05/02/2026|50,32
11/02/2026|50,32
19/02/2026|50,32
23/02/2026|50,32
03/02/2026|50,32
04/02/2026|50,32
05/02/2026|50,32
05/02/2026|50,32
11/02/2026|50,32
19/02/2026|50,32
23/02/2026|50,32
05/02/2026|50,33
05/02/2026|50,33
02/02/2026|50,35
02/02/2026|50,35
04/02/2026|50,35
12/02/2026|50,35
02/02/2026|50,35
02/02/2026|50,35
04/02/2026|50,35
12/02/2026|50,35
09/02/2026|50,36
09/02/2026|50,36
09/02/2026|50,36
13/02/2026|50,36
18/02/2026|50,36
20/02/2026|50,36
09/02/2026|50,36
09/02/2026|50,36
09/02/2026|50,36
13/02/2026|50,36
18/02/2026|50,36
20/02/2026|50,36
09/02/2026|50,38
09/02/2026|50,38
09/02/2026|50,38
18/02/2026|50,38
27/02/2026|50,38
09/02/2026|50,38
09/02/2026|50,38
09/02/2026|50,38
18/02/2026|50,38
27/02/2026|50,38
18/02/2026|50,39
19/02/2026|50,39
18/02/2026|50,39
19/02/2026|50,39
05/02/2026|50,40
09/02/2026|50,40
11/02/2026|50,40
13/02/2026|50,40
05/02/2026|50,40
09/02/2026|50,40
11/02/2026|50,40
13/02/2026|50,40
02/02/2026|50,43
09/02/2026|50,43
09/02/2026|50,43
18/02/2026|50,43
25/02/2026|50,43
02/02/2026|50,43
09/02/2026|50,43
09/02/2026|50,43
18/02/2026|50,43
25/02/2026|50,43
09/02/2026|50,44
09/02/2026|50,44
09/02/2026|50,47
09/02/2026|50,47
18/02/2026|50,48
23/02/2026|50,48
18/02/2026|50,48
23/02/2026|50,48
18/02/2026|50,49
18/02/2026|50,49
04/02/2026|50,52
09/02/2026|50,52
20/02/2026|50,52
24/02/2026|50,52
04/02/2026|50,52
09/02/2026|50,52
20/02/2026|50,52
24/02/2026|50,52
02/02/2026|50,53
02/02/2026|50,53
10/02/2026|50,56
10/02/2026|50,56
09/02/2026|50,58
13/02/2026|50,58
09/02/2026|50,58
13/02/2026|50,58
06/02/2026|50,59
06/02/2026|50,59
10/02/2026|50,60
13/02/2026|50,60
20/02/2026|50,60
10/02/2026|50,60
13/02/2026|50,60
20/02/2026|50,60
02/02/2026|50,63
02/02/2026|50,63
25/02/2026|50,63
02/02/2026|50,63
02/02/2026|50,63
25/02/2026|50,63
18/02/2026|51,00
18/02/2026|51,00
05/02/2026|53,01
05/02/2026|53,01
06/02/2026|54,57
06/02/2026|54,57
02/02/2026|55,00
02/02/2026|55,00
26/02/2026|56,00
26/02/2026|56,00
18/02/2026|56,27
18/02/2026|56,27
20/02/2026|59,28
20/02/2026|59,28
09/02/2026|60,00
09/02/2026|60,00
09/02/2026|60,00
13/02/2026|60,00
18/02/2026|60,00
19/02/2026|60,00
07/02/2026|60,00
09/02/2026|60,00
09/02/2026|60,00
13/02/2026|60,00
18/02/2026|60,00
19/02/2026|60,00
18/02/2026|60,02
18/02/2026|60,02
09/02/2026|60,07
09/02/2026|60,07
18/02/2026|60,08
18/02/2026|60,08
20/02/2026|60,12
27/02/2026|60,12
20/02/2026|60,12
27/02/2026|60,12
09/02/2026|60,22
09/02/2026|60,22
20/02/2026|60,32
20/02/2026|60,32
09/02/2026|60,36
18/02/2026|60,36
09/02/2026|60,36
18/02/2026|60,36
02/02/2026|60,43
02/02/2026|60,43
02/02/2026|60,53
02/02/2026|60,53
09/02/2026|62,00
09/02/2026|62,00
02/02/2026|63,37
02/02/2026|63,37
23/02/2026|66,00
25/02/2026|66,00
23/02/2026|66,00
25/02/2026|66,00
02/02/2026|66,65
04/02/2026|67,57
04/02/2026|67,57
09/02/2026|68,30
09/02/2026|68,30
23/02/2026|69,00
23/02/2026|69,00
03/02/2026|70,00
18/02/2026|70,00
23/02/2026|70,00
27/02/2026|70,00
27/02/2026|70,00
03/02/2026|70,00
18/02/2026|70,00
22/02/2026|70,00
27/02/2026|70,00
27/02/2026|70,00
10/02/2026|70,01
10/02/2026|70,01
02/02/2026|70,02
06/02/2026|70,02
10/02/2026|70,02
18/02/2026|70,02
26/02/2026|70,02
02/02/2026|70,02
06/02/2026|70,02
10/02/2026|70,02
18/02/2026|70,02
26/02/2026|70,02
05/02/2026|70,08
05/02/2026|70,08
02/02/2026|70,17
18/02/2026|70,17
02/02/2026|70,17
18/02/2026|70,17
19/02/2026|70,22
19/02/2026|70,22
13/02/2026|70,24
13/02/2026|70,24
02/02/2026|70,35
02/02/2026|70,35
05/02/2026|70,38
05/02/2026|70,38
19/02/2026|72,00
19/02/2026|72,00
27/02/2026|72,57
27/02/2026|72,57
09/02/2026|75,00
24/02/2026|75,00
09/02/2026|75,00
24/02/2026|75,00
24/02/2026|75,05
24/02/2026|75,05
18/02/2026|75,17
18/02/2026|75,17
09/02/2026|75,35
09/02/2026|75,35
09/02/2026|77,22
09/02/2026|77,22
02/02/2026|80,00
10/02/2026|80,00
10/02/2026|80,00
01/02/2026|80,00
10/02/2026|80,00
10/02/2026|80,00
02/02/2026|80,17
02/02/2026|80,17
02/02/2026|80,17
02/02/2026|80,17
27/02/2026|80,25
27/02/2026|80,25
25/02/2026|80,43
25/02/2026|80,43
20/02/2026|82,50
20/02/2026|82,50
11/02/2026|85,00
11/02/2026|85,00
20/02/2026|90,30
20/02/2026|90,30
03/02/2026|90,49
03/02/2026|90,49
02/02/2026|92,00
02/02/2026|92,00
09/02/2026|95,35
09/02/2026|95,35
11/02/2026|96,47
11/02/2026|96,47
02/02/2026|98,00
02/02/2026|98,00
20/02/2026|99,00
20/02/2026|99,00
09/02/2026|99,25
09/02/2026|99,25
02/02/2026|100,00
02/02/2026|100,00
02/02/2026|100,00
02/02/2026|100,00
02/02/2026|100,00
02/02/2026|100,00
02/02/2026|100,00
02/02/2026|100,00
03/02/2026|100,00
04/02/2026|100,00
04/02/2026|100,00
04/02/2026|100,00
04/02/2026|100,00
05/02/2026|100,00
05/02/2026|100,00
05/02/2026|100,00
05/02/2026|100,00
05/02/2026|100,00
06/02/2026|100,00
06/02/2026|100,00
06/02/2026|100,00
06/02/2026|100,00
06/02/2026|100,00
06/02/2026|100,00
06/02/2026|100,00
06/02/2026|100,00
06/02/2026|100,00
09/02/2026|100,00
09/02/2026|100,00
09/02/2026|100,00
09/02/2026|100,00
09/02/2026|100,00
09/02/2026|100,00
09/02/2026|100,00
09/02/2026|100,00
09/02/2026|100,00
09/02/2026|100,00
09/02/2026|100,00
09/02/2026|100,00
09/02/2026|100,00
09/02/2026|100,00
09/02/2026|100,00
10/02/2026|100,00
10/02/2026|100,00
10/02/2026|100,00
10/02/2026|100,00
11/02/2026|100,00
11/02/2026|100,00
12/02/2026|100,00
12/02/2026|100,00
12/02/2026|100,00
12/02/2026|100,00
13/02/2026|100,00
18/02/2026|100,00
18/02/2026|100,00
18/02/2026|100,00
18/02/2026|100,00
18/02/2026|100,00
18/02/2026|100,00
18/02/2026|100,00
20/02/2026|100,00
23/02/2026|100,00
23/02/2026|100,00
24/02/2026|100,00
24/02/2026|100,00
24/02/2026|100,00
26/02/2026|100,00
26/02/2026|100,00
26/02/2026|100,00
27/02/2026|100,00
01/02/2026|100,00
01/02/2026|100,00
02/02/2026|100,00
02/02/2026|100,00
02/02/2026|100,00
02/02/2026|100,00
02/02/2026|100,00
02/02/2026|100,00
03/02/2026|100,00
04/02/2026|100,00
04/02/2026|100,00
04/02/2026|100,00
04/02/2026|100,00
05/02/2026|100,00
05/02/2026|100,00
05/02/2026|100,00
05/02/2026|100,00
05/02/2026|100,00
06/02/2026|100,00
06/02/2026|100,00
06/02/2026|100,00
06/02/2026|100,00
06/02/2026|100,00
06/02/2026|100,00
06/02/2026|100,00
06/02/2026|100,00
06/02/2026|100,00
09/02/2026|100,00
09/02/2026|100,00
09/02/2026|100,00
09/02/2026|100,00
09/02/2026|100,00
09/02/2026|100,00
09/02/2026|100,00
09/02/2026|100,00
09/02/2026|100,00
09/02/2026|100,00
09/02/2026|100,00
09/02/2026|100,00
09/02/2026|100,00
09/02/2026|100,00
09/02/2026|100,00
10/02/2026|100,00
10/02/2026|100,00
10/02/2026|100,00
10/02/2026|100,00
11/02/2026|100,00
11/02/2026|100,00
12/02/2026|100,00
12/02/2026|100,00
12/02/2026|100,00
12/02/2026|100,00
13/02/2026|100,00
18/02/2026|100,00
18/02/2026|100,00
18/02/2026|100,00
18/02/2026|100,00
18/02/2026|100,00
18/02/2026|100,00
18/02/2026|100,00
20/02/2026|100,00
21/02/2026|100,00
23/02/2026|100,00
24/02/2026|100,00
24/02/2026|100,00
24/02/2026|100,00
26/02/2026|100,00
26/02/2026|100,00
26/02/2026|100,00
27/02/2026|100,00
06/02/2026|100,01
23/02/2026|100,01
26/02/2026|100,01
06/02/2026|100,01
23/02/2026|100,01
26/02/2026|100,01
03/02/2026|100,04
05/02/2026|100,04
23/02/2026|100,04
03/02/2026|100,04
05/02/2026|100,04
23/02/2026|100,04
02/02/2026|100,05
05/02/2026|100,05
09/02/2026|100,05
09/02/2026|100,05
27/02/2026|100,05
02/02/2026|100,05
05/02/2026|100,05
09/02/2026|100,05
09/02/2026|100,05
27/02/2026|100,05
05/02/2026|100,06
06/02/2026|100,06
09/02/2026|100,06
18/02/2026|100,06
23/02/2026|100,06
05/02/2026|100,06
06/02/2026|100,06
09/02/2026|100,06
18/02/2026|100,06
23/02/2026|100,06
04/02/2026|100,07
23/02/2026|100,07
04/02/2026|100,07
23/02/2026|100,07
02/02/2026|100,08
09/02/2026|100,08
19/02/2026|100,08
23/02/2026|100,08
27/02/2026|100,08
02/02/2026|100,08
09/02/2026|100,08
19/02/2026|100,08
23/02/2026|100,08
27/02/2026|100,08
05/02/2026|100,12
05/02/2026|100,12
06/02/2026|100,12
06/02/2026|100,12
09/02/2026|100,12
09/02/2026|100,12
18/02/2026|100,12
20/02/2026|100,12
05/02/2026|100,12
05/02/2026|100,12
06/02/2026|100,12
06/02/2026|100,12
09/02/2026|100,12
09/02/2026|100,12
18/02/2026|100,12
20/02/2026|100,12
03/02/2026|100,15
03/02/2026|100,15
19/02/2026|100,16
19/02/2026|100,16
09/02/2026|100,18
13/02/2026|100,18
09/02/2026|100,18
13/02/2026|100,18
02/02/2026|100,19
09/02/2026|100,19
24/02/2026|100,19
02/02/2026|100,19
09/02/2026|100,19
24/02/2026|100,19
03/02/2026|100,21
05/02/2026|100,21
03/02/2026|100,21
05/02/2026|100,21
03/02/2026|100,22
27/02/2026|100,22
03/02/2026|100,22
27/02/2026|100,22
04/02/2026|100,23
04/02/2026|100,23
02/02/2026|100,24
02/02/2026|100,24
02/02/2026|100,25
06/02/2026|100,25
09/02/2026|100,25
23/02/2026|100,25
25/02/2026|100,25
02/02/2026|100,25
06/02/2026|100,25
09/02/2026|100,25
23/02/2026|100,25
25/02/2026|100,25
11/02/2026|100,26
12/02/2026|100,26
11/02/2026|100,26
12/02/2026|100,26
02/02/2026|100,27
10/02/2026|100,27
12/02/2026|100,27
26/02/2026|100,27
02/02/2026|100,27
10/02/2026|100,27
12/02/2026|100,27
26/02/2026|100,27
03/02/2026|100,29
03/02/2026|100,29
06/02/2026|100,30
09/02/2026|100,30
06/02/2026|100,30
09/02/2026|100,30
06/02/2026|100,31
06/02/2026|100,31
05/02/2026|100,32
06/02/2026|100,32
06/02/2026|100,32
09/02/2026|100,32
09/02/2026|100,32
11/02/2026|100,32
12/02/2026|100,32
13/02/2026|100,32
18/02/2026|100,32
20/02/2026|100,32
23/02/2026|100,32
05/02/2026|100,32
06/02/2026|100,32
06/02/2026|100,32
09/02/2026|100,32
09/02/2026|100,32
11/02/2026|100,32
12/02/2026|100,32
13/02/2026|100,32
18/02/2026|100,32
20/02/2026|100,32
23/02/2026|100,32
18/02/2026|100,33
18/02/2026|100,33
25/02/2026|100,34
25/02/2026|100,34
03/02/2026|100,35
19/02/2026|100,35
03/02/2026|100,35
19/02/2026|100,35
09/02/2026|100,36
12/02/2026|100,36
09/02/2026|100,36
12/02/2026|100,36
02/02/2026|100,38
02/02/2026|100,38
05/02/2026|100,38
06/02/2026|100,38
18/02/2026|100,38
25/02/2026|100,38
02/02/2026|100,38
02/02/2026|100,38
05/02/2026|100,38
06/02/2026|100,38
18/02/2026|100,38
25/02/2026|100,38
02/02/2026|100,40
26/02/2026|100,40
02/02/2026|100,40
26/02/2026|100,40
06/02/2026|100,43
09/02/2026|100,43
20/02/2026|100,43
23/02/2026|100,43
06/02/2026|100,43
09/02/2026|100,43
20/02/2026|100,43
23/02/2026|100,43
12/02/2026|100,45
18/02/2026|100,45
20/02/2026|100,45
12/02/2026|100,45
18/02/2026|100,45
20/02/2026|100,45
03/02/2026|100,47
09/02/2026|100,47
12/02/2026|100,47
03/02/2026|100,47
09/02/2026|100,47
12/02/2026|100,47
02/02/2026|100,48
02/02/2026|100,48
19/02/2026|100,49
19/02/2026|100,49
02/02/2026|100,50
03/02/2026|100,50
02/02/2026|100,50
03/02/2026|100,50
23/02/2026|100,52
23/02/2026|100,52
02/02/2026|100,53
23/02/2026|100,53
27/02/2026|100,53
27/02/2026|100,53
02/02/2026|100,53
23/02/2026|100,53
27/02/2026|100,53
27/02/2026|100,53
20/02/2026|100,55
20/02/2026|100,55
20/02/2026|100,55
20/02/2026|100,55
27/02/2026|100,57
27/02/2026|100,57
04/02/2026|100,58
09/02/2026|100,58
23/02/2026|100,58
04/02/2026|100,58
09/02/2026|100,58
23/02/2026|100,58
09/02/2026|100,59
09/02/2026|100,59
20/02/2026|100,60
20/02/2026|100,60
09/02/2026|100,63
20/02/2026|100,63
09/02/2026|100,63
20/02/2026|100,63
04/02/2026|100,64
09/02/2026|100,64
09/02/2026|100,64
04/02/2026|100,64
09/02/2026|100,64
09/02/2026|100,64
20/02/2026|101,50
20/02/2026|101,50
09/02/2026|102,15
09/02/2026|102,15
19/02/2026|104,00
23/02/2026|104,00
19/02/2026|104,00
23/02/2026|104,00
23/02/2026|110,24
23/02/2026|110,24
02/02/2026|111,35
02/02/2026|111,35
04/02/2026|115,00
04/02/2026|115,00
06/02/2026|120,00
09/02/2026|120,00
09/02/2026|120,00
11/02/2026|120,00
06/02/2026|120,00
07/02/2026|120,00
09/02/2026|120,00
11/02/2026|120,00
04/02/2026|120,06
04/02/2026|120,06
09/02/2026|120,08
09/02/2026|120,08
27/02/2026|120,24
27/02/2026|120,24
18/02/2026|123,00
15/02/2026|123,00
18/02/2026|127,00
18/02/2026|127,00
10/02/2026|130,00
10/02/2026|130,00
09/02/2026|130,96
09/02/2026|130,96
25/02/2026|134,00
25/02/2026|134,00
09/02/2026|135,00
09/02/2026|135,00
27/02/2026|140,00
27/02/2026|140,00
18/02/2026|140,04
18/02/2026|140,04
09/02/2026|140,38
09/02/2026|140,38
09/02/2026|142,00
08/02/2026|142,00
05/02/2026|142,14
05/02/2026|142,14
02/02/2026|150,00
03/02/2026|150,00
05/02/2026|150,00
06/02/2026|150,00
06/02/2026|150,00
06/02/2026|150,00
06/02/2026|150,00
06/02/2026|150,00
09/02/2026|150,00
09/02/2026|150,00
09/02/2026|150,00
09/02/2026|150,00
10/02/2026|150,00
27/02/2026|150,00
02/02/2026|150,00
03/02/2026|150,00
05/02/2026|150,00
06/02/2026|150,00
06/02/2026|150,00
06/02/2026|150,00
06/02/2026|150,00
06/02/2026|150,00
09/02/2026|150,00
09/02/2026|150,00
09/02/2026|150,00
09/02/2026|150,00
10/02/2026|150,00
27/02/2026|150,00
05/02/2026|150,01
20/02/2026|150,01
23/02/2026|150,01
05/02/2026|150,01
20/02/2026|150,01
23/02/2026|150,01
26/02/2026|150,02
26/02/2026|150,02
04/02/2026|150,08
26/02/2026|150,08
04/02/2026|150,08
26/02/2026|150,08
02/02/2026|150,12
20/02/2026|150,12
02/02/2026|150,12
20/02/2026|150,12
09/02/2026|150,22
09/02/2026|150,22
27/02/2026|150,23
27/02/2026|150,23
06/02/2026|150,27
06/02/2026|150,27
05/02/2026|150,30
23/02/2026|150,30
05/02/2026|150,30
23/02/2026|150,30
05/02/2026|150,34
05/02/2026|150,34
27/02/2026|150,35
27/02/2026|150,35
13/02/2026|150,38
27/02/2026|150,38
13/02/2026|150,38
27/02/2026|150,38
02/02/2026|150,39
23/02/2026|150,39
02/02/2026|150,39
23/02/2026|150,39
06/02/2026|150,43
25/02/2026|150,43
06/02/2026|150,43
25/02/2026|150,43
25/02/2026|150,46
25/02/2026|150,46
20/02/2026|150,66
20/02/2026|150,66
06/02/2026|153,00
06/02/2026|153,00
23/02/2026|155,50
23/02/2026|155,50
06/02/2026|160,00
09/02/2026|160,00
06/02/2026|160,00
09/02/2026|160,00
19/02/2026|160,08
19/02/2026|160,08
04/02/2026|160,12
04/02/2026|160,12
09/02/2026|160,34
09/02/2026|160,34
06/02/2026|160,64
06/02/2026|160,64
06/02/2026|162,00
06/02/2026|162,00
02/02/2026|164,60
02/02/2026|164,60
04/02/2026|165,12
04/02/2026|165,12
02/02/2026|170,00
02/02/2026|170,00
19/02/2026|170,06
19/02/2026|170,06
02/02/2026|170,12
02/02/2026|170,12
18/02/2026|170,35
18/02/2026|170,35
02/02/2026|180,06
02/02/2026|180,06
09/02/2026|180,30
09/02/2026|180,30
03/02/2026|186,06
03/02/2026|186,06
02/02/2026|190,00
02/02/2026|190,00
27/02/2026|190,12
27/02/2026|190,12
23/02/2026|194,00
22/02/2026|194,00
02/02/2026|195,34
02/02/2026|195,34
18/02/2026|198,09
18/02/2026|198,09
02/02/2026|200,00
02/02/2026|200,00
02/02/2026|200,00
02/02/2026|200,00
03/02/2026|200,00
04/02/2026|200,00
05/02/2026|200,00
05/02/2026|200,00
06/02/2026|200,00
06/02/2026|200,00
09/02/2026|200,00
09/02/2026|200,00
09/02/2026|200,00
09/02/2026|200,00
11/02/2026|200,00
11/02/2026|200,00
12/02/2026|200,00
18/02/2026|200,00
18/02/2026|200,00
18/02/2026|200,00
20/02/2026|200,00
20/02/2026|200,00
20/02/2026|200,00
20/02/2026|200,00
23/02/2026|200,00
23/02/2026|200,00
01/02/2026|200,00
02/02/2026|200,00
02/02/2026|200,00
02/02/2026|200,00
03/02/2026|200,00
04/02/2026|200,00
05/02/2026|200,00
05/02/2026|200,00
06/02/2026|200,00
06/02/2026|200,00
09/02/2026|200,00
09/02/2026|200,00
09/02/2026|200,00
09/02/2026|200,00
11/02/2026|200,00
11/02/2026|200,00
12/02/2026|200,00
14/02/2026|200,00
16/02/2026|200,00
18/02/2026|200,00
20/02/2026|200,00
20/02/2026|200,00
20/02/2026|200,00
20/02/2026|200,00
22/02/2026|200,00
23/02/2026|200,00
18/02/2026|200,01
18/02/2026|200,01
02/02/2026|200,02
04/02/2026|200,02
04/02/2026|200,02
05/02/2026|200,02
06/02/2026|200,02
09/02/2026|200,02
23/02/2026|200,02
23/02/2026|200,02
26/02/2026|200,02
27/02/2026|200,02
02/02/2026|200,02
04/02/2026|200,02
04/02/2026|200,02
05/02/2026|200,02
06/02/2026|200,02
09/02/2026|200,02
23/02/2026|200,02
23/02/2026|200,02
26/02/2026|200,02
27/02/2026|200,02
24/02/2026|200,03
24/02/2026|200,03
03/02/2026|200,06
04/02/2026|200,06
09/02/2026|200,06
03/02/2026|200,06
04/02/2026|200,06
09/02/2026|200,06
06/02/2026|200,07
19/02/2026|200,07
06/02/2026|200,07
19/02/2026|200,07
02/02/2026|200,08
06/02/2026|200,08
09/02/2026|200,08
12/02/2026|200,08
23/02/2026|200,08
26/02/2026|200,08
02/02/2026|200,08
06/02/2026|200,08
09/02/2026|200,08
12/02/2026|200,08
23/02/2026|200,08
26/02/2026|200,08
02/02/2026|200,12
23/02/2026|200,12
02/02/2026|200,12
23/02/2026|200,12
05/02/2026|200,14
05/02/2026|200,14
23/02/2026|200,16
23/02/2026|200,16
02/02/2026|200,22
03/02/2026|200,22
02/02/2026|200,22
03/02/2026|200,22
09/02/2026|200,23
18/02/2026|200,23
20/02/2026|200,23
09/02/2026|200,23
18/02/2026|200,23
20/02/2026|200,23
02/02/2026|200,25
20/02/2026|200,25
02/02/2026|200,25
20/02/2026|200,25
06/02/2026|200,27
06/02/2026|200,27
18/02/2026|200,28
18/02/2026|200,28
25/02/2026|200,31
25/02/2026|200,31
09/02/2026|200,32
10/02/2026|200,32
27/02/2026|200,32
27/02/2026|200,32
09/02/2026|200,32
10/02/2026|200,32
27/02/2026|200,32
27/02/2026|200,32
23/02/2026|200,33
23/02/2026|200,33
27/02/2026|200,36
27/02/2026|200,36
18/02/2026|200,37
18/02/2026|200,37
05/02/2026|200,38
09/02/2026|200,38
18/02/2026|200,38
05/02/2026|200,38
09/02/2026|200,38
18/02/2026|200,38
23/02/2026|200,40
23/02/2026|200,40
11/02/2026|200,50
11/02/2026|200,50
27/02/2026|200,51
27/02/2026|200,51
23/02/2026|200,56
23/02/2026|200,56
23/02/2026|214,00
23/02/2026|214,00
05/02/2026|216,50
05/02/2026|216,50
03/02/2026|220,09
03/02/2026|220,09
18/02/2026|220,25
18/02/2026|220,25
05/02/2026|220,43
05/02/2026|220,43
26/02/2026|221,50
26/02/2026|221,50
03/02/2026|226,47
03/02/2026|226,47
06/02/2026|227,36
06/02/2026|227,36
05/02/2026|236,23
05/02/2026|236,23
02/02/2026|240,00
02/02/2026|240,00
06/02/2026|240,35
06/02/2026|240,35
05/02/2026|249,03
02/02/2026|250,00
03/02/2026|250,00
05/02/2026|250,00
06/02/2026|250,00
18/02/2026|250,00
20/02/2026|250,00
02/02/2026|250,00
03/02/2026|250,00
06/02/2026|250,00
18/02/2026|250,00
20/02/2026|250,00
02/02/2026|250,02
05/02/2026|250,02
06/02/2026|250,02
12/02/2026|250,02
02/02/2026|250,02
05/02/2026|250,02
06/02/2026|250,02
12/02/2026|250,02
02/02/2026|250,04
02/02/2026|250,04
02/02/2026|250,04
02/02/2026|250,04
20/02/2026|250,08
20/02/2026|250,08
20/02/2026|250,26
20/02/2026|250,26
06/02/2026|250,28
06/02/2026|250,28
06/02/2026|250,39
06/02/2026|250,39
06/02/2026|250,47
06/02/2026|250,47
27/02/2026|250,56
27/02/2026|250,56
09/02/2026|261,05
09/02/2026|261,05
12/02/2026|270,38
12/02/2026|270,38
23/02/2026|274,25
23/02/2026|274,25
06/02/2026|276,06
06/02/2026|276,06
02/02/2026|277,22
18/02/2026|277,22
02/02/2026|277,22
18/02/2026|277,22
06/02/2026|284,00
06/02/2026|284,00
11/02/2026|285,56
11/02/2026|285,56
27/02/2026|289,21
27/02/2026|289,21
04/02/2026|290,00
04/02/2026|290,00
02/02/2026|296,45
02/02/2026|296,45
02/02/2026|300,00
04/02/2026|300,00
06/02/2026|300,00
06/02/2026|300,00
06/02/2026|300,00
09/02/2026|300,00
09/02/2026|300,00
10/02/2026|300,00
12/02/2026|300,00
13/02/2026|300,00
18/02/2026|300,00
27/02/2026|300,00
02/02/2026|300,00
04/02/2026|300,00
06/02/2026|300,00
06/02/2026|300,00
06/02/2026|300,00
09/02/2026|300,00
09/02/2026|300,00
10/02/2026|300,00
12/02/2026|300,00
13/02/2026|300,00
18/02/2026|300,00
27/02/2026|300,00
05/02/2026|300,01
05/02/2026|300,01
02/02/2026|300,04
03/02/2026|300,04
02/02/2026|300,04
03/02/2026|300,04
04/02/2026|300,06
27/02/2026|300,06
04/02/2026|300,06
27/02/2026|300,06
27/02/2026|300,07
27/02/2026|300,07
05/02/2026|300,09
05/02/2026|300,09
27/02/2026|300,16
27/02/2026|300,16
09/02/2026|300,22
09/02/2026|300,22
04/02/2026|300,23
09/02/2026|300,23
26/02/2026|300,23
04/02/2026|300,23
09/02/2026|300,23
26/02/2026|300,23
24/02/2026|300,25
24/02/2026|300,25
24/02/2026|300,25
24/02/2026|300,25
03/02/2026|300,32
03/02/2026|300,32
05/02/2026|300,35
25/02/2026|300,35
05/02/2026|300,35
25/02/2026|300,35
23/02/2026|300,38
27/02/2026|300,38
23/02/2026|300,38
27/02/2026|300,38
03/02/2026|300,39
03/02/2026|300,39
26/02/2026|300,64
26/02/2026|300,64
05/02/2026|303,80
05/02/2026|303,80
09/02/2026|311,01
09/02/2026|311,01
09/02/2026|320,48
09/02/2026|320,48
02/02/2026|325,00
02/02/2026|325,00
06/02/2026|340,36
06/02/2026|340,36
02/02/2026|350,00
18/02/2026|350,00
19/02/2026|350,00
02/02/2026|350,00
18/02/2026|350,00
19/02/2026|350,00
09/02/2026|350,02
24/02/2026|350,02
09/02/2026|350,02
24/02/2026|350,02
02/02/2026|350,64
13/02/2026|350,64
02/02/2026|350,64
13/02/2026|350,64
18/02/2026|360,00
18/02/2026|360,00
02/02/2026|362,21
02/02/2026|362,21
06/02/2026|364,35
06/02/2026|364,35
02/02/2026|366,25
02/02/2026|366,25
11/02/2026|368,00
11/02/2026|368,00
02/02/2026|375,00
02/02/2026|375,00
02/02/2026|390,00
01/02/2026|390,00
02/02/2026|391,00
01/02/2026|391,00
20/02/2026|400,00
23/02/2026|400,00
24/02/2026|400,00
20/02/2026|400,00
21/02/2026|400,00
24/02/2026|400,00
02/02/2026|400,02
02/02/2026|400,02
02/02/2026|400,13
02/02/2026|400,13
12/02/2026|400,27
12/02/2026|400,27
02/02/2026|400,28
02/02/2026|400,28
05/02/2026|400,35
05/02/2026|400,35
05/02/2026|400,57
05/02/2026|400,57
06/02/2026|400,62
06/02/2026|400,62
09/02/2026|403,19
09/02/2026|403,19
02/02/2026|417,00
02/02/2026|417,00
23/02/2026|427,95
23/02/2026|427,95
19/02/2026|430,00
19/02/2026|430,00
02/02/2026|435,96
02/02/2026|435,96
03/02/2026|447,35
03/02/2026|447,35
06/02/2026|450,01
06/02/2026|450,01
02/02/2026|450,05
23/02/2026|450,05
02/02/2026|450,05
23/02/2026|450,05
02/02/2026|450,18
02/02/2026|450,18
26/02/2026|458,05
26/02/2026|458,05
13/02/2026|460,00
13/02/2026|460,00
02/02/2026|460,23
02/02/2026|460,23
02/02/2026|480,00
01/02/2026|480,00
18/02/2026|480,17
18/02/2026|480,17
23/02/2026|481,00
23/02/2026|481,00
04/02/2026|500,00
04/02/2026|500,00
09/02/2026|500,00
09/02/2026|500,00
18/02/2026|500,00
19/02/2026|500,00
19/02/2026|500,00
20/02/2026|500,00
24/02/2026|500,00
04/02/2026|500,00
04/02/2026|500,00
07/02/2026|500,00
09/02/2026|500,00
15/02/2026|500,00
19/02/2026|500,00
19/02/2026|500,00
20/02/2026|500,00
24/02/2026|500,00
05/02/2026|500,01
19/02/2026|500,01
05/02/2026|500,01
19/02/2026|500,01
02/02/2026|500,06
02/02/2026|500,06
06/02/2026|500,14
06/02/2026|500,14
18/02/2026|513,00
18/02/2026|513,00
23/02/2026|513,02
23/02/2026|513,02
11/02/2026|516,00
11/02/2026|516,00
18/02/2026|520,00
18/02/2026|520,00
02/02/2026|522,00
02/02/2026|522,00
02/02/2026|540,25
02/02/2026|540,25
20/02/2026|541,27
20/02/2026|541,27
03/02/2026|545,00
03/02/2026|545,00
02/02/2026|549,50
02/02/2026|549,50
09/02/2026|569,42
09/02/2026|569,42
18/02/2026|590,00
14/02/2026|590,00
02/02/2026|595,00
02/02/2026|595,00
04/02/2026|600,00
13/02/2026|600,00
18/02/2026|600,00
04/02/2026|600,00
13/02/2026|600,00
18/02/2026|600,00
06/02/2026|600,14
06/02/2026|600,14
02/02/2026|600,15
02/02/2026|600,15
02/02/2026|608,21
02/02/2026|608,21
23/02/2026|609,00
22/02/2026|609,00
23/02/2026|615,00
22/02/2026|615,00
18/02/2026|640,00
18/02/2026|640,00
02/02/2026|650,00
18/02/2026|650,00
20/02/2026|650,00
01/02/2026|650,00
16/02/2026|650,00
20/02/2026|650,00
02/02/2026|677,20
02/02/2026|677,20
02/02/2026|680,00
02/02/2026|680,00
23/02/2026|686,00
23/02/2026|686,00
24/02/2026|690,00
24/02/2026|690,00
13/02/2026|700,00
20/02/2026|700,00
13/02/2026|700,00
20/02/2026|700,00
02/02/2026|700,35
02/02/2026|700,35
02/02/2026|705,00
02/02/2026|705,00
02/02/2026|720,00
02/02/2026|720,00
02/02/2026|722,00
01/02/2026|722,00
02/02/2026|744,00
01/02/2026|744,00
03/02/2026|750,00
10/02/2026|750,00
03/02/2026|750,00
10/02/2026|750,00
03/02/2026|751,33
03/02/2026|751,33
24/02/2026|759,00
24/02/2026|759,00
02/02/2026|760,00
02/02/2026|760,00
02/02/2026|761,15
02/02/2026|761,15
09/02/2026|764,00
09/02/2026|764,00
02/02/2026|800,00
10/02/2026|800,00
18/02/2026|800,00
01/02/2026|800,00
10/02/2026|800,00
18/02/2026|800,00
09/02/2026|800,01
09/02/2026|800,01
06/02/2026|800,18
06/02/2026|800,18
18/02/2026|801,00
16/02/2026|801,00
02/02/2026|814,00
01/02/2026|814,00
02/02/2026|817,00
02/02/2026|817,00
11/02/2026|825,00
11/02/2026|825,00
02/02/2026|845,78
02/02/2026|845,78
11/02/2026|850,00
11/02/2026|850,00
20/02/2026|881,00
20/02/2026|881,00
18/02/2026|891,00
16/02/2026|891,00
18/02/2026|896,00
15/02/2026|896,00
02/02/2026|900,00
18/02/2026|900,00
19/02/2026|900,00
01/02/2026|900,00
18/02/2026|900,00
19/02/2026|900,00
04/02/2026|900,25
04/02/2026|900,25
02/02/2026|911,00
01/02/2026|911,00
02/02/2026|927,33
02/02/2026|927,33
19/02/2026|932,45
19/02/2026|932,45
02/02/2026|947,25
02/02/2026|947,25
20/02/2026|950,00
20/02/2026|950,00
27/02/2026|952,00
27/02/2026|952,00
19/02/2026|968,90
19/02/2026|968,90
02/02/2026|993,00
02/02/2026|993,00
03/02/2026|998,00
03/02/2026|998,00
02/02/2026|1.000,00
02/02/2026|1.000,00
03/02/2026|1.000,00
05/02/2026|1.000,00
11/02/2026|1.000,00
18/02/2026|1.000,00
19/02/2026|1.000,00
23/02/2026|1.000,00
23/02/2026|1.000,00
25/02/2026|1.000,00
27/02/2026|1.000,00
02/02/2026|1.000,00
02/02/2026|1.000,00
03/02/2026|1.000,00
05/02/2026|1.000,00
11/02/2026|1.000,00
16/02/2026|1.000,00
19/02/2026|1.000,00
22/02/2026|1.000,00
23/02/2026|1.000,00
25/02/2026|1.000,00
27/02/2026|1.000,00
06/02/2026|1.000,08
06/02/2026|1.000,08
05/02/2026|1.000,38
05/02/2026|1.000,38
23/02/2026|1.023,00
23/02/2026|1.023,00
02/02/2026|1.026,92
02/02/2026|1.026,92
23/02/2026|1.042,00
22/02/2026|1.042,00
10/02/2026|1.050,00
10/02/2026|1.050,00
02/02/2026|1.079,00
02/02/2026|1.079,00
09/02/2026|1.100,00
10/02/2026|1.100,00
08/02/2026|1.100,00
10/02/2026|1.100,00
09/02/2026|1.113,00
07/02/2026|1.113,00
03/02/2026|1.119,00
03/02/2026|1.119,00
02/02/2026|1.135,00
02/02/2026|1.135,00
02/02/2026|1.138,00
02/02/2026|1.138,00
03/02/2026|1.149,72
03/02/2026|1.149,72
18/02/2026|1.150,00
20/02/2026|1.150,00
17/02/2026|1.150,00
20/02/2026|1.150,00
12/02/2026|1.170,00
12/02/2026|1.170,00
02/02/2026|1.186,80
02/02/2026|1.186,80
20/02/2026|1.200,00
20/02/2026|1.200,00
26/02/2026|1.200,08
26/02/2026|1.200,08
02/02/2026|1.213,86
02/02/2026|1.213,86
23/02/2026|1.216,00
23/02/2026|1.216,00
22/02/2026|1.216,00
22/02/2026|1.216,00
10/02/2026|1.230,00
10/02/2026|1.230,00
02/02/2026|1.232,00
02/02/2026|1.232,00
09/02/2026|1.240,00
08/02/2026|1.240,00
20/02/2026|1.266,00
20/02/2026|1.266,00
23/02/2026|1.280,00
21/02/2026|1.280,00
18/02/2026|1.290,00
17/02/2026|1.290,00
18/02/2026|1.300,00
18/02/2026|1.300,00
26/02/2026|1.314,00
26/02/2026|1.314,00
26/02/2026|1.356,25
26/02/2026|1.356,25
03/02/2026|1.400,00
09/02/2026|1.400,00
09/02/2026|1.400,00
18/02/2026|1.400,00
18/02/2026|1.400,00
18/02/2026|1.400,00
03/02/2026|1.400,00
08/02/2026|1.400,00
09/02/2026|1.400,00
16/02/2026|1.400,00
16/02/2026|1.400,00
16/02/2026|1.400,00
02/02/2026|1.403,31
02/02/2026|1.403,31
02/02/2026|1.421,00
02/02/2026|1.421,00
26/02/2026|1.450,00
26/02/2026|1.450,00
03/02/2026|1.500,00
03/02/2026|1.500,00
12/02/2026|1.500,00
18/02/2026|1.500,00
23/02/2026|1.500,00
25/02/2026|1.500,00
03/02/2026|1.500,00
03/02/2026|1.500,00
12/02/2026|1.500,00
15/02/2026|1.500,00
22/02/2026|1.500,00
25/02/2026|1.500,00
18/02/2026|1.500,50
18/02/2026|1.500,50
27/02/2026|1.513,00
27/02/2026|1.513,00
06/02/2026|1.550,00
06/02/2026|1.550,00
02/02/2026|1.558,00
01/02/2026|1.558,00
09/02/2026|1.580,00
09/02/2026|1.580,00
18/02/2026|1.600,00
15/02/2026|1.600,00
02/02/2026|1.628,10
02/02/2026|1.628,10
02/02/2026|1.666,39
02/02/2026|1.666,39
27/02/2026|1.692,91
27/02/2026|1.692,91
09/02/2026|1.700,00
18/02/2026|1.700,00
25/02/2026|1.700,00
08/02/2026|1.700,00
15/02/2026|1.700,00
25/02/2026|1.700,00
02/02/2026|1.746,00
01/02/2026|1.746,00
02/02/2026|1.795,25
02/02/2026|1.795,75
09/02/2026|1.800,00
09/02/2026|1.800,00
09/02/2026|1.800,00
13/02/2026|1.800,00
23/02/2026|1.800,00
26/02/2026|1.800,00
08/02/2026|1.800,00
09/02/2026|1.800,00
09/02/2026|1.800,00
14/02/2026|1.800,00
23/02/2026|1.800,00
26/02/2026|1.800,00
02/02/2026|1.852,23
02/02/2026|1.852,23
02/02/2026|1.879,00
02/02/2026|1.879,00
18/02/2026|1.882,00
14/02/2026|1.882,00
23/02/2026|1.886,00
22/02/2026|1.886,00
02/02/2026|1.895,00
01/02/2026|1.895,00
09/02/2026|1.900,00
09/02/2026|1.900,00
09/02/2026|1.900,00
09/02/2026|1.900,00
11/02/2026|1.930,00
11/02/2026|1.930,00
02/02/2026|1.950,00
09/02/2026|1.950,00
18/02/2026|1.950,00
02/02/2026|1.950,00
09/02/2026|1.950,00
16/02/2026|1.950,00
02/02/2026|1.953,00
02/02/2026|1.953,00
03/02/2026|1.965,55
03/02/2026|1.965,55
03/02/2026|1.981,85
03/02/2026|1.981,85
02/02/2026|2.000,00
02/02/2026|2.000,00
02/02/2026|2.000,00
09/02/2026|2.000,00
09/02/2026|2.000,00
09/02/2026|2.000,00
09/02/2026|2.000,00
10/02/2026|2.000,00
18/02/2026|2.000,00
18/02/2026|2.000,00
23/02/2026|2.000,00
23/02/2026|2.000,00
23/02/2026|2.000,00
02/02/2026|2.000,00
02/02/2026|2.000,00
02/02/2026|2.000,00
07/02/2026|2.000,00
07/02/2026|2.000,00
08/02/2026|2.000,00
08/02/2026|2.000,00
10/02/2026|2.000,00
14/02/2026|2.000,00
16/02/2026|2.000,00
22/02/2026|2.000,00
23/02/2026|2.000,00
23/02/2026|2.000,00
11/02/2026|2.000,01
11/02/2026|2.000,01
02/02/2026|2.019,30
02/02/2026|2.019,30
06/02/2026|2.079,25
06/02/2026|2.079,25
09/02/2026|2.102,20
09/02/2026|2.102,20
25/02/2026|2.150,00
25/02/2026|2.150,00
18/02/2026|2.400,00
18/02/2026|2.400,00
13/02/2026|2.500,00
19/02/2026|2.500,00
13/02/2026|2.500,00
19/02/2026|2.500,00
13/02/2026|3.478,00
13/02/2026|3.478,00
24/02/2026|4.316,77
24/02/2026|4.316,77
02/02/2026|4.595,49
01/02/2026|4.595,49
27/02/2026|4.785,00
27/02/2026|4.785,00
09/02/2026|5.000,00
09/02/2026|5.000,00
12/02/2026|5.492,16
12/02/2026|5.492,16
04/02/2026|6.894,79
04/02/2026|6.894,79
25/02/2026|8.234,47
25/02/2026|8.234,47
19/02/2026|8.246,48
19/02/2026|8.246,48
05/02/2026|9.697,88
05/02/2026|9.697,88
11/02/2026|9.832,52
11/02/2026|9.832,52
26/02/2026|10.117,80
26/02/2026|10.117,80
13/02/2026|11.595,15
13/02/2026|11.595,15
20/02/2026|12.649,14
20/02/2026|12.649,14
27/02/2026|16.058,45
27/02/2026|16.058,45
03/02/2026|19.205,18
03/02/2026|19.205,18
18/02/2026|42.020,22
18/02/2026|42.020,22
09/02/2026|52.553,81
09/02/2026|52.553,81
10/02/2026|55.656,71
10/02/2026|55.656,71
10/02/2026|64.637,85
10/02/2026|64.637,85
02/02/2026|79.731,74
02/02/2026|79.731,74
06/02/2026|107.093,37
06/02/2026|107.093,37
06/02/2026|125.000,00
06/02/2026|125.000,00
23/02/2026|171.730,60
23/02/2026|171.730,60
23/02/2026|201.603,77
23/02/2026|201.603,77
